Date,Open,High,Low,Close
22-Dec-21,23077.66,23263.18,23059.65,23244.27
21-Dec-21,22881.68,23151.73,22837.93,22955.34
20-Dec-21,23090.08,23092.73,22428.02,22704.35
17-Dec-21,23742.29,23749.69,23273.96,23295.52
16-Dec-21,23901.11,23928.31,23637.29,23712.24
15-Dec-21,23892.51,23921.87,23706.1,23732.19
14-Dec-21,23847.59,23920.6,23724.59,23875.89
13-Dec-21,24204.77,24257.45,23906.13,23918.75
10-Dec-21,23995.64,24083.12,23930.74,24061.35
09-Dec-21,24031.03,24043.1,23858.19,24017.43
08-Dec-21,23753.23,23955.7,23742.66,23934.89
07-Dec-21,23368.08,23628.36,23317.7,23556.16
06-Dec-21,23632.45,23633.49,23189.34,23212.63
03-Dec-21,23830.52,23909.57,23579.48,23595.31
02-Dec-21,23541.15,23807.14,23503.66,23786
01-Dec-21,23403.35,23544.65,23345.55,23488.72
30-Nov-21,23294.9,23688.28,23211.43,23276.88
29-Nov-21,23237.11,23433.99,22881.93,23284.2
26-Nov-21,23871.36,23871.52,23318.68,23359.67
25-Nov-21,23940.95,24103.14,23811.46,24072.41
24-Nov-21,24095.24,24152.63,23831.27,23907.84
23-Nov-21,23653.55,24056.32,23554.24,24007.68
22-Nov-21,24365.7,24378.94,23596.46,23804.33
18-Nov-21,24581.02,24639.4,24228.33,24322.72
17-Nov-21,24644.32,24733.96,24535.74,24565.69
16-Nov-21,24825.72,24841.54,24627.94,24673.38
15-Nov-21,24856.94,24902.17,24732.24,24781.53
12-Nov-21,24641.36,24792.14,24532.97,24772.08
11-Nov-21,24665.85,24665.98,24409.95,24504.51
10-Nov-21,24669.17,24741.42,24578.9,24675.95
09-Nov-21,24721.14,24766.45,24624.68,24705.58
08-Nov-21,24567.55,24693.66,24340.89,24671.01
04-Nov-21,24491.19,24491.19,24428.7,24447.15
03-Nov-21,24440.53,24478.71,24185.24,24295.57
02-Nov-21,24434.7,24440.12,24295.28,24347.04
01-Nov-21,24110.76,24345.65,24027.66,24329.04
29-Oct-21,24128.05,24274.17,23791.5,23990.09
28-Oct-21,24610.79,24610.79,24080.73,24157.15
27-Oct-21,24746.03,24781.52,24574.73,24623.63
26-Oct-21,24422.27,24703.2,24421.91,24654.92
25-Oct-21,24682.48,24683.87,24151.71,24394.14
22-Oct-21,24710.2,24814.23,24385.46,24495.84
21-Oct-21,24893.86,24911.97,24453.59,24639.03
20-Oct-21,25088.91,25090.65,24652.37,24765.29
19-Oct-21,25442.21,25454.92,24998.09,25062.34
18-Oct-21,25325.04,25366.27,25248.53,25266.77
14-Oct-21,25037.06,25104,24992.2,25082.49
13-Oct-21,24776.85,24911.52,24728.9,24864.65
12-Oct-21,24554.44,24638.67,24448.62,24622.92
11-Oct-21,24504.72,24647.23,24423.42,24534.94
08-Oct-21,24454.98,24499.08,24363.18,24435.39
07-Oct-21,24259.61,24390.95,24259.58,24321.31
06-Oct-21,24404.25,24411.38,24033.71,24073.67
05-Oct-21,24167.28,24314.27,24099.64,24303.2
04-Oct-21,24016.36,24162.52,23972.36,24140.88
01-Oct-21,23872.06,23904.2,23746.52,23873.27
30-Sep-21,24069.73,24077.46,23900.74,23937.54
29-Sep-21,23879.22,24084.23,23832.73,23997.88
28-Sep-21,24243.45,24244.17,23806.17,24010.47
27-Sep-21,24254.89,24275.87,24083.32,24162.75
24-Sep-21,24292.66,24345.46,24115.56,24160.86
23-Sep-21,24010.66,24206.77,23995.38,24185.34
22-Sep-21,23845.75,23907.91,23783.59,23846.71
21-Sep-21,23594.66,23792.08,23438.76,23770.02
20-Sep-21,23745.66,23932.34,23543.82,23581.89
17-Sep-21,24129.8,24190.1,23829.51,23902.17
16-Sep-21,23973.42,24041.02,23883.23,24024.51
15-Sep-21,23774.1,23913.08,23743.27,23901.29
14-Sep-21,23747.4,23762.45,23678.79,23711.05
13-Sep-21,23612.03,23650.59,23500.79,23627.62
09-Sep-21,23537.55,23615.67,23509.48,23606.9
08-Sep-21,23565.6,23594.09,23421.88,23555.9
07-Sep-21,23629.84,23639.99,23423.44,23530.8
06-Sep-21,23615.15,23631.94,23538.56,23566.75
03-Sep-21,23448.29,23513.1,23373.75,23494.55
02-Sep-21,23212.68,23389.79,23166.29,23378.19
01-Sep-21,23269.05,23314.28,23133.26,23167.46
31-Aug-21,22978.97,23198.73,22913.46,23174.23
30-Aug-21,22693.17,22941.62,22685.59,22921.45
27-Aug-21,22473.23,22613.3,22394.27,22594.76
26-Aug-21,22486.78,22523.74,22410.09,22457.68
25-Aug-21,22467.07,22523.08,22405.53,22440.46
24-Aug-21,22236.38,22407.43,22201.75,22392.14
23-Aug-21,22343,22386.41,22038.53,22176.37
20-Aug-21,22272.85,22364.6,22146.57,22193.77
18-Aug-21,22569.06,22588.94,22407.36,22439.15
17-Aug-21,22413.31,22492.28,22311.3,22473.72
16-Aug-21,22421.84,22434.76,22322.78,22405.76
13-Aug-21,22295.07,22417.76,22283.27,22392.46
12-Aug-21,22145.79,22255.04,22111.4,22248.44
11-Aug-21,22163.42,22193.51,21844.65,22092.9
10-Aug-21,22230.85,22282.48,21987.29,22116.13
09-Aug-21,22280.65,22301.61,22082.55,22185.86
06-Aug-21,22292.41,22341.14,22206.23,22224.36
05-Aug-21,22320.76,22320.76,22122.46,22263.77
04-Aug-21,22289.91,22365.68,22204.12,22243.13
03-Aug-21,22020.13,22207.91,21997.82,22191.37
02-Aug-21,21892.04,21951.09,21867.58,21939.19
30-Jul-21,21779.07,21873.08,21708.84,21753.68
29-Jul-21,21713.84,21761.72,21666.25,21722.99
28-Jul-21,21721.72,21721.72,21346.66,21614.98
27-Jul-21,21838.18,21867.79,21596.82,21662.07
26-Jul-21,21810.09,21859.06,21727.54,21766.29
23-Jul-21,21832.2,21848.78,21695.34,21784.21
22-Jul-21,21609.78,21767.79,21604.55,21753.51
20-Jul-21,21631.06,21659.62,21380.36,21472.53
19-Jul-21,21699.29,21787.49,21596.52,21668.22
16-Jul-21,21882.76,21895.01,21812.18,21864.48
15-Jul-21,21784.81,21861.78,21776.12,21831.94
14-Jul-21,21727.78,21771.77,21661.31,21743.4
13-Jul-21,21692.72,21705.41,21621.94,21696.33
12-Jul-21,21651.82,21683.47,21513.87,21572.8
09-Jul-21,21533.84,21564.8,21444.44,21538.62
08-Jul-21,21720.19,21749.16,21474.95,21541.31
07-Jul-21,21639.64,21728.37,21566.88,21704.49
06-Jul-21,21653.48,21759.43,21596.9,21618.68
05-Jul-21,21589.04,21652.88,21560.65,21641.15
02-Jul-21,21489.76,21509.47,21404.04,21495.2
01-Jul-21,21527.51,21527.64,21413.21,21430.82
30-Jun-21,21531.96,21589.66,21449.91,21463.09
29-Jun-21,21585.89,21612.07,21443.42,21473.11
28-Jun-21,21652.83,21652.83,21531.33,21556.58
25-Jun-21,21521.07,21581.04,21457.5,21564.16
24-Jun-21,21454.23,21480.03,21399.6,21449.67
23-Jun-21,21624.49,21624.61,21364.53,21380.87
22-Jun-21,21569.88,21643.63,21465.69,21489.9
21-Jun-21,21116.99,21446.43,21055.88,21429.77
18-Jun-21,21449.68,21459.24,20951.07,21319.12
17-Jun-21,21364.9,21533.78,21296.17,21381.27
16-Jun-21,21679.28,21691.89,21486.6,21518.31
15-Jun-21,21664.12,21715.1,21644.53,21672.65
14-Jun-21,21585.05,21605.38,21249.77,21588.48
11-Jun-21,21621.19,21656.44,21525.64,21602.4
10-Jun-21,21425.03,21539.45,21393.72,21526.73
09-Jun-21,21561.81,21608.13,21232.5,21333.13
08-Jun-21,21522.14,21523.41,21368.83,21492.23
07-Jun-21,21412.57,21491.54,21367.01,21460.62
04-Jun-21,21367.99,21388.26,21259.12,21326.08
03-Jun-21,21252.62,21319.87,21228.55,21304.16
02-Jun-21,21006.8,21160.67,20980.94,21136.62
01-Jun-21,21126.3,21160.07,20958.7,21032.85
31-May-21,20928.21,21082.4,20824.73,21055.18
28-May-21,20917.94,20953.03,20853.88,20879.07
27-May-21,20803.25,20843.03,20714.18,20804.56
26-May-21,20734.35,20771.19,20630.59,20736.34
25-May-21,20766.55,20775.27,20586.87,20641.49
24-May-21,20656.49,20699.86,20557.78,20637.8
21-May-21,20407.47,20582.45,20391.19,20567.93
20-May-21,20442.7,20471.58,20255.36,20283.79
19-May-21,20438.45,20514.63,20372.73,20398.94
18-May-21,20349.62,20472.9,20349.59,20446.42
17-May-21,19975.63,20197.37,19923.59,20180.71
14-May-21,20073.75,20073.75,19759.99,19862.23
12-May-21,20170.61,20170.61,19902.47,19967.98
11-May-21,20022.2,20183.78,19971.99,20132.55
10-May-21,20126.17,20198.65,20102.2,20173.76
07-May-21,20006.58,20057.34,19944.66,20000.41
06-May-21,19866.36,19922.77,19758.27,19903.85
05-May-21,19723.93,19787.6,19618.29,19765.24
04-May-21,19830.76,19880.72,19543.88,19586.39
03-May-21,19551.3,19774.39,19444.49,19735.16
30-Apr-21,19829.82,19941.8,19655.4,19689.52
29-Apr-21,20059.76,20150.78,19854.48,19948.58
28-Apr-21,19757.94,19948.61,19757.71,19921.25
27-Apr-21,19493.18,19697.55,19482.46,19678.42
26-Apr-21,19393.18,19520.11,19393,19447.06
23-Apr-21,19266,19419.01,19174.05,19270.89
22-Apr-21,19109.86,19336.35,19026.92,19311.54
20-Apr-21,19424.04,19476.9,19073.91,19189.47
19-Apr-21,19212.24,19253.8,18982.96,19225.72
16-Apr-21,19546.37,19675.08,19478.47,19580.05
15-Apr-21,19375.09,19508.14,19193.72,19483.68
13-Apr-21,19178.88,19424.5,19119.52,19402.96
12-Apr-21,19668.59,19671.39,19070.65,19139.91
09-Apr-21,19986.1,20046.85,19886.2,19944.06
08-Apr-21,19966.26,20096.33,19902.83,19965.56
07-Apr-21,19716.61,19917.32,19665.03,19868.99
06-Apr-21,19680.05,19773.37,19514.37,19672.73
05-Apr-21,19868.97,19870.26,19345.79,19580.09
01-Apr-21,19745.54,19883.6,19639.08,19866.86
31-Mar-21,19713.14,19713.44,19579.89,19601.95
30-Mar-21,19475.35,19738.36,19475.35,19720.55
26-Mar-21,19287.64,19410.33,19223.3,19344.99
25-Mar-21,19442.86,19454.18,19009.22,19101.08
24-Mar-21,19693.91,19725.4,19401.03,19423.2
23-Mar-21,19708.96,19838.31,19648.7,19769.05
22-Mar-21,19627.76,19677.31,19484.15,19647.19
19-Mar-21,19251.63,19651.84,19026.48,19612.3
18-Mar-21,19756.4,19820.04,19268.12,19383.55
17-Mar-21,19944.61,19967.16,19588.07,19616.07
16-Mar-21,19996.52,20058.83,19884.33,19921.4
15-Mar-21,20074.83,20090.96,19684.1,19915.33
12-Mar-21,20342.41,20390.36,19951.11,20046.75
10-Mar-21,20223.33,20244.23,20099.82,20201.09
09-Mar-21,20099.31,20177.49,19883.09,20078.87
08-Mar-21,20074.79,20182.73,19952.04,19988.21
05-Mar-21,20092.52,20196.36,19851.95,19949.68
04-Mar-21,20098.95,20313.63,20027.06,20184.77
03-Mar-21,20071.6,20329.49,20053.21,20305.8
02-Mar-21,19829.6,19959.83,19704.1,19914.13
01-Mar-21,19606.43,19713.26,19521.15,19673.2
26-Feb-21,19713.43,19801.1,19292.49,19371.25
25-Feb-21,19968.87,20064.07,19936.5,19990.65
24-Feb-21,19563.8,19836.7,19474.02,19812.74
23-Feb-21,19520.33,19652.11,19388.7,19504.84
22-Feb-21,19801.21,19834.38,19364.52,19418.89
19-Feb-21,19972.75,20024.22,19655.21,19777.47
18-Feb-21,20126.09,20128.22,19937.87,19985.41
17-Feb-21,20092.65,20145.48,19976.26,20032.96
16-Feb-21,20183.96,20230.6,20004.66,20107.64
15-Feb-21,20022.31,20112.16,20008.4,20085.14
12-Feb-21,19942.23,19984.8,19784.6,19888.33
11-Feb-21,19773.89,19906.12,19755.34,19895.04
10-Feb-21,19801.66,19852.47,19628.83,19800.49
09-Feb-21,19849.15,19942.81,19707.25,19764.79
08-Feb-21,19676.09,19822.57,19676.09,19783.93
05-Feb-21,19689.05,19696.91,19474.15,19522.69
04-Feb-21,19384.46,19557.45,19314.67,19538.26
03-Feb-21,19319.56,19459.17,19094.77,19365.2
02-Feb-21,18939.66,19245.9,18939.24,19166.67
01-Feb-21,18099.07,18773.18,17977.7,18723
29-Jan-21,18396.46,18399.39,17927.75,17975.3
28-Jan-21,18154.78,18296.7,18082.24,18200.73
27-Jan-21,18691.69,18692.16,18304.67,18358.67
25-Jan-21,19014.43,19021.5,18632.62,18667.99
22-Jan-21,19117.29,19163.85,18827.04,18846.3
21-Jan-21,19325.93,19345.29,19016.33,19101.73
20-Jan-21,19104.8,19226.3,19059.02,19202.91
19-Jan-21,18833.38,19064.64,18827.52,19049.36
18-Jan-21,18984.69,18993.74,18654.59,18713.54
15-Jan-21,19220.8,19237.91,18866.34,18968.73
14-Jan-21,19147.95,19204.54,19041.75,19185.93
13-Jan-21,19272.05,19291.8,18959.53,19143.46
12-Jan-21,19080.27,19204.73,19024.7,19169.98
11-Jan-21,19118.48,19119.96,18946.88,19081.06
08-Jan-21,18847.95,18973.18,18827.63,18953.86
07-Jan-21,18797.26,18811.59,18686.46,18707.68
06-Jan-21,18771.66,18783.73,18505.12,18658.66
05-Jan-21,18514.19,18719.64,18458.27,18701.75
04-Jan-21,18493.86,18597.51,18342.83,18582.91
01-Jan-21,18321.93,18418.84,18319.03,18389.08
31-Dec-20,18296.07,18343.95,18248.83,18300.1
30-Dec-20,18284.54,18298.82,18135.23,18284.31
29-Dec-20,18232.98,18282.66,18119.97,18218.91
28-Dec-20,18079.15,18178.52,18078.43,18164.87
24-Dec-20,17947.39,18020.11,17869.59,17992.01
23-Dec-20,17629.43,17849.46,17565.87,17829.79
22-Dec-20,17340.67,17617.25,17128.73,17588.57
21-Dec-20,18008.59,18042.22,17121.7,17396.69
18-Dec-20,18059.98,18059.98,17882.44,18027.23
17-Dec-20,18014.98,18075.83,17975.32,18008.78
16-Dec-20,17927.74,17983.14,17889.15,17971.76
15-Dec-20,17825.8,17835.97,17670.85,17818.64
14-Dec-20,17806.19,17846.78,17718.76,17804.39
11-Dec-20,17734.79,17814.15,17592.28,17733.83
10-Dec-20,17717.8,17717.8,17557.96,17685.29
09-Dec-20,17707.7,17782.99,17692.62,17748.98
08-Dec-20,17650.05,17684.22,17481.12,17609.75
07-Dec-20,17460.9,17592.7,17441.14,17581.28
04-Dec-20,17332.05,17449.29,17289.56,17432.23
03-Dec-20,17336.18,17348.73,17260.84,17294.93
02-Dec-20,17229.68,17243.56,17072.24,17232.67
01-Dec-20,17120.54,17212.61,17028.6,17188.31
27-Nov-20,16980.63,17059.12,16932.09,16995.01
26-Nov-20,16824.91,16972.89,16712.67,16941.87
25-Nov-20,17110.22,17134.36,16751.36,16776.91
24-Nov-20,16970.97,17048.47,16948.43,17026.4
23-Nov-20,16851,16911.27,16765.17,16871.37
20-Nov-20,16676.45,16787.07,16589.42,16750.03
19-Nov-20,16726,16873.97,16591.5,16623.99
18-Nov-20,16715.2,16815.65,16652.81,16804.39
17-Nov-20,16706.33,16724.3,16604.83,16702.68
14-Nov-20,16627.91,16635.71,16539.57,16575.09
13-Nov-20,16398.43,16499.6,16341.53,16490.33
12-Nov-20,16364.24,16459.18,16345.53,16419.38
11-Nov-20,16362.79,16471.34,16245.01,16440.11
10-Nov-20,16274,16314.49,16163.4,16302.05
09-Nov-20,16065.3,16167.23,16037.51,16154.87
06-Nov-20,15813.39,15944.94,15801.32,15927.38
05-Nov-20,15656.11,15783.22,15649.42,15776.32
04-Nov-20,15380.98,15528.52,15333.44,15508.25
03-Nov-20,15317.06,15426.43,15313.51,15394.89
02-Nov-20,15303.99,15304.01,15125.4,15236.96
30-Oct-20,15263.18,15344.84,15089.86,15215.01
29-Oct-20,15153.91,15304.14,15137.93,15235.82
28-Oct-20,15526.71,15534.47,15250.72,15291.29
27-Oct-20,15346.02,15492.62,15261.34,15484.29
26-Oct-20,15549.66,15564.1,15270.63,15330.08
23-Oct-20,15551.81,15581.52,15518.26,15539.3
22-Oct-20,15455.29,15512.31,15390.83,15487.76
21-Oct-20,15543.36,15602.91,15308.21,15499.84
20-Oct-20,15418.59,15504.53,15381.29,15463.33
19-Oct-20,15397.56,15433.79,15355.71,15424.93
16-Oct-20,15235.04,15305.35,15153.52,15288.93
15-Oct-20,15582.07,15582.07,15147.06,15167.7
14-Oct-20,15466.71,15536.46,15342.96,15508.65
13-Oct-20,15486.92,15545.71,15435.07,15468.47
12-Oct-20,15564,15606.91,15408.76,15480.5
09-Oct-20,15460.81,15533.79,15402.18,15498.18
08-Oct-20,15449.88,15510.01,15378.72,15435.38
07-Oct-20,15319.3,15374.64,15252.83,15343.36
06-Oct-20,15244.83,15308.17,15204.48,15295.38
05-Oct-20,15134.43,15202.22,15063.59,15126.05
01-Oct-20,14972.47,15056.91,14972.47,15038.24
30-Sep-20,14857.22,14904.76,14776.42,14851
29-Sep-20,14920.53,14947.4,14767.54,14819.57
28-Sep-20,14697.29,14849.92,14648.77,14834.26
25-Sep-20,14364.47,14582.38,14290,14557.67
24-Sep-20,14458.38,14465.21,14200.86,14221.19
23-Sep-20,14787.21,14797.61,14479.04,14617.61
22-Sep-20,14836.75,14841.83,14495.34,14652.22
21-Sep-20,15207.8,15235.38,14766.17,14804.2
18-Sep-20,15294.69,15305.79,15140.61,15202.64
17-Sep-20,15261.94,15302.2,15193.01,15211.61
16-Sep-20,15267.77,15324.79,15225.47,15313.21
15-Sep-20,15151.93,15232.98,15126.25,15217.34
14-Sep-20,15107.37,15220.94,15017.42,15088.37
11-Sep-20,14989.04,15035.4,14950.7,15012.16
10-Sep-20,14877.2,14984.5,14849.94,14973.23
09-Sep-20,14697.13,14785.83,14626.38,14764.14
08-Sep-20,14933.15,14991.91,14785.7,14820.99
07-Sep-20,14893.22,14962.58,14784.75,14899.35
04-Sep-20,14878.08,15053.88,14861.05,14897.1
03-Sep-20,15161.33,15193.76,15122.16,15145.3
02-Sep-20,15022.27,15145.09,14980.55,15122.35
01-Sep-20,14923.23,15059.11,14864.92,15006.09
31-Aug-20,15441.97,15480.45,14815.5,14890.06
28-Aug-20,15276.42,15369.01,15273,15309.58
27-Aug-20,15268.55,15284.51,15198.95,15217.07
26-Aug-20,15148.79,15202.66,15098.72,15191.47
25-Aug-20,15154.46,15173.19,15038.93,15103.03
24-Aug-20,15033.38,15120.04,15027.83,15081.94
21-Aug-20,14978.25,15031.62,14954.66,14965.72
20-Aug-20,14857.62,14926.9,14815.56,14878.77
19-Aug-20,14976.42,15007.22,14934.56,14952.69
18-Aug-20,14748.59,14913.82,14741.59,14898.98
17-Aug-20,14711.92,14739.92,14589.05,14721.97
14-Aug-20,14834.35,14873.7,14545.95,14634.87
13-Aug-20,14796.02,14831.81,14739.62,14783.16
12-Aug-20,14740.59,14761.63,14658.05,14746.4
11-Aug-20,14792.89,14843.03,14745.83,14757.56
10-Aug-20,14685.31,14780.37,14674.35,14717.74
07-Aug-20,14565.39,14628.4,14519.35,14608.94
06-Aug-20,14526.2,14616.56,14478.06,14563.83
05-Aug-20,14489.84,14573.54,14392.05,14435.26
04-Aug-20,14249.08,14428.45,14214.02,14412.79
03-Aug-20,14353.01,14353.19,14174.24,14182.52
31-Jul-20,14378.15,14411.5,14283.37,14346.18
30-Jul-20,14493.65,14548.71,14313.01,14337.81
29-Jul-20,14507.3,14571.36,14376.96,14437.31
28-Jul-20,14365.97,14523.76,14358.85,14507.46
27-Jul-20,14462.93,14462.93,14273.96,14320.59
24-Jul-20,14403.53,14449.6,14298.46,14415.85
23-Jul-20,14352.1,14483.15,14332.13,14460.66
22-Jul-20,14468.82,14475.41,14264.09,14357.18
21-Jul-20,14389.24,14422.84,14360.52,14392.44
20-Jul-20,14232.6,14271.26,14182.12,14255.13
17-Jul-20,13941.18,14142.8,13931.5,14114.28
16-Jul-20,13884.69,13918.98,13724.65,13905.49
15-Jul-20,13879.79,14027.45,13734.33,13780.21
14-Jul-20,13961.48,13961.48,13723.26,13780.46
13-Jul-20,14068.95,14107.8,13943.99,14002.65
10-Jul-20,13978.48,14048.65,13902.28,13968.64
09-Jul-20,13972.13,14049.7,13957.8,14027.41
08-Jul-20,14060.56,14094.33,13884.44,13916.81
07-Jul-20,14027.34,14041.76,13886.95,14023.84
06-Jul-20,13894.83,14011.68,13882.29,13967.84
03-Jul-20,13791.9,13822.78,13742.93,13798.56
02-Jul-20,13636.17,13765.06,13633.64,13721.36
01-Jul-20,13472.23,13588.8,13431.2,13569.42
30-Jun-20,13543.92,13577.48,13403.01,13438.14
29-Jun-20,13506.58,13517.9,13371.82,13466.13
26-Jun-20,13590.19,13632.81,13509.11,13577.1
25-Jun-20,13356.23,13544.01,13338.33,13479.59
24-Jun-20,13765.92,13790.81,13440.45,13469.62
23-Jun-20,13507.65,13681.47,13460.14,13668.2
22-Jun-20,13408.6,13540.56,13398.71,13457.04
19-Jun-20,13197.24,13356.85,13139.22,13330.72
18-Jun-20,12884.11,13158.38,12883.73,13139.68
17-Jun-20,12877.87,13044.01,12845.67,12916.41
16-Jun-20,13037.08,13098.52,12714.92,12927.07
15-Jun-20,12994.77,12999.09,12740.43,12828.38
12-Jun-20,12524.47,13026.52,12493.5,13002.13
11-Jun-20,13167.75,13177.99,12892.11,12910.01
10-Jun-20,13105.2,13190.56,13053.15,13161.34
09-Jun-20,13282.54,13365.7,13034.62,13071.46
08-Jun-20,13368.42,13394.46,13155.9,13208.57
05-Jun-20,13087.06,13197.7,13023.03,13168.97
04-Jun-20,13024.96,13115.42,12885.95,12994.86
03-Jun-20,13053.7,13160.87,12983.76,13016.47
02-Jun-20,12801.55,12927.39,12745.92,12913.91
01-Jun-20,12587.98,12835.24,12578.88,12726.27
29-May-20,12229.42,12431.12,12167,12414.85
28-May-20,12130.31,12290.2,12078.73,12271.5
27-May-20,11840.57,12071.21,11732.88,12055.24
26-May-20,11835.86,11901.3,11735.06,11777.99
22-May-20,11817.6,11905.14,11689.31,11763.18
21-May-20,11825.84,11931.94,11784.23,11843.93
20-May-20,11553.88,11807.55,11553,11784.13
19-May-20,11644.13,11734.72,11529.81,11557.69
18-May-20,11969.46,11969.46,11483.74,11499.61
15-May-20,11988.79,11988.79,11818.49,11907.64
14-May-20,12026.69,12084.81,11897.09,11926.23
13-May-20,12431.48,12432.27,12120.28,12171.26
12-May-20,11941.49,11990.79,11756.08,11940.15
11-May-20,12123.39,12211.83,11977.18,11997.79
08-May-20,12140.53,12145.98,11975.51,11988.93
07-May-20,12023.87,12049.04,11921.49,11938.42
06-May-20,11983.22,12093.51,11824.29,12023.64
05-May-20,12214.17,12258.89,11922.63,11938.4
04-May-20,12422.44,12422.44,12023.75,12051.46
30-Apr-20,12590.82,12760.95,12590.46,12721
29-Apr-20,12259.93,12424.27,12213.83,12374.8
28-Apr-20,12196.09,12211.5,12041.87,12179.22
27-Apr-20,12024.15,12155.7,12021.86,12070.36
24-Apr-20,11983.98,12063.5,11883.27,11895.45
23-Apr-20,12060.67,12149.76,11968.02,12103.17
22-Apr-20,11800.44,11973.76,11669.58,11957.12
21-Apr-20,11856.18,11856.18,11661.01,11732.56
20-Apr-20,12254.02,12254.55,12066.18,12087.06
17-Apr-20,12115.38,12149.19,11886.74,12086.46
16-Apr-20,11586.49,11823.81,11537.23,11767.7
15-Apr-20,11865.57,12028.91,11582.7,11652.15
13-Apr-20,11853.47,11853.47,11549.76,11674.41
09-Apr-20,11593.12,11824.18,11578.69,11805.03
08-Apr-20,11271.29,11801.51,11209.13,11364.04
07-Apr-20,10944.72,11369.74,10856.13,11346.44
03-Apr-20,10835.81,10840.01,10498.79,10527.29
01-Apr-20,11126.44,11126.46,10663.05,10728.88
31-Mar-20,10986.32,11170.57,10803.18,11098.23
30-Mar-20,10948.05,11014.7,10663.76,10714.78
27-Mar-20,11420.04,11596.28,10951.46,11106.47
26-Mar-20,10847.73,11238.79,10677.25,11148.36
25-Mar-20,10031.31,10724.62,9985.8,10666.93
24-Mar-20,10235.38,10374.25,9758.33,10100.1
23-Mar-20,10630.52,10630.52,9870.16,9896.25
20-Mar-20,10855.29,11521.48,10692.85,11359.42
19-Mar-20,10738.85,11155.7,10283.44,10783.16
18-Mar-20,11901.21,11950.52,11048.76,11115.68
17-Mar-20,12080.24,12274.09,11700.71,11755.59
16-Mar-20,12631.1,12631.1,11986.94,12024.19
13-Mar-20,11965.7,13147.48,11276.7,12941.75
12-Mar-20,13229.61,13229.61,12423.79,12517.5
11-Mar-20,13642.29,13794.3,13560.32,13652.78
09-Mar-20,14158.87,14158.87,13502.43,13668.3
06-Mar-20,14385.68,14402.51,14152.61,14355.82
05-Mar-20,14743.71,14844.79,14665.42,14706.49
04-Mar-20,14823.38,14841.78,14465.68,14676.22
03-Mar-20,14668.11,14815.09,14583.22,14783.59
02-Mar-20,14845.25,14947.11,14431.73,14549.71
28-Feb-20,14956.79,14956.79,14597.05,14627.62
27-Feb-20,15279.51,15279.51,15056.34,15183.85
26-Feb-20,15390.4,15401.25,15215.92,15256.99
25-Feb-20,15523.9,15554.5,15398.8,15418.71
24-Feb-20,15753.21,15753.21,15448.28,15469.29
20-Feb-20,15824.05,15881.67,15776.1,15787.45
19-Feb-20,15695.64,15817.09,15691.11,15808.75
18-Feb-20,15683.89,15683.94,15493.62,15614.26
17-Feb-20,15832.24,15842.78,15677,15684.42
14-Feb-20,15908.91,15977.95,15780.35,15797.63
13-Feb-20,15964.8,15964.8,15850.36,15890.91
12-Feb-20,15885.99,15972.37,15885.44,15921.17
11-Feb-20,15847.47,15934.45,15832.25,15841.41
10-Feb-20,15887.39,15888.51,15735.75,15779.84
07-Feb-20,15911.04,15911.04,15829.39,15866.56
06-Feb-20,15825.77,15906.62,15796.03,15875.09
05-Feb-20,15691.1,15800.42,15628.17,15792.95
04-Feb-20,15424.85,15646.03,15409.89,15635.88
03-Feb-20,15255.5,15369.03,15179.74,15319.69
01-Feb-20,15665.87,15741.15,15211.7,15248.38
31-Jan-20,15825.83,15827.29,15633.01,15649.81
30-Jan-20,15946.43,15946.43,15722.17,15747.03
29-Jan-20,15865.07,15939.11,15864.68,15891.9
28-Jan-20,15929.33,15944.21,15771.2,15806.64
27-Jan-20,15987.11,16005.05,15866.84,15879.53
24-Jan-20,15920.97,16044.67,15886.17,16013.34
23-Jan-20,15821.6,15926.47,15795.69,15917.63
22-Jan-20,15903.81,15931.72,15781.6,15796.54
21-Jan-20,15912.32,15934.19,15850.53,15860.72
20-Jan-20,16156.88,16158.41,15914.48,15921.29
17-Jan-20,16046.25,16097.26,16015.5,16062.95
16-Jan-20,16044.43,16087.25,16000.6,16048.77
15-Jan-20,16004.86,16028.28,15928.35,16014.8
14-Jan-20,15960.58,16008.04,15927.62,15996.72
13-Jan-20,15893.59,15947.84,15877.82,15942.11
10-Jan-20,15821.04,15906.74,15787.22,15835.35
09-Jan-20,15674.88,15790.4,15669.33,15779.59
08-Jan-20,15457.27,15546.36,15399.68,15539.3
07-Jan-20,15571.04,15683.38,15498.57,15554.84
06-Jan-20,15749.73,15749.73,15443.81,15466.47
03-Jan-20,15844.88,15845.26,15734.58,15777.51
02-Jan-20,15713.68,15845.01,15710.36,15838.69
01-Jan-20,15699.53,15734.92,15674.02,15694.44
31-Dec-19,15764.54,15764.66,15647.82,15667.44
30-Dec-19,15765.12,15786.44,15700.17,15748.18
27-Dec-19,15623.81,15737.79,15619.34,15726.46
26-Dec-19,15688.14,15688.14,15571.84,15581.54
24-Dec-19,15724.95,15735.3,15647.97,15659.03
23-Dec-19,15691.43,15744.05,15649.73,15705.98
20-Dec-19,15712.55,15739.52,15693.73,15716.53
19-Dec-19,15662.12,15702.75,15622.04,15689.86
18-Dec-19,15644.32,15671.2,15589.91,15653.35
17-Dec-19,15511.56,15618.07,15497.04,15602.7
16-Dec-19,15573.9,15578.36,15467.83,15472.95
13-Dec-19,15427.92,15533.77,15423.42,15521.95
12-Dec-19,15338.64,15413.56,15324.97,15371.37
11-Dec-19,15244.21,15302.47,15193.17,15286.77
10-Dec-19,15377.22,15377.22,15210.32,15222.75
09-Dec-19,15376.71,15411.76,15293.27,15344.56
06-Dec-19,15532.72,15532.72,15298.51,15338.67
05-Dec-19,15561.3,15564.68,15457.85,15478.54
04-Dec-19,15438.15,15532.06,15392.81,15521.26
03-Dec-19,15569.42,15575.03,15415.82,15457.18
02-Dec-19,15644.73,15649.7,15518.02,15545.31
29-Nov-19,15675.97,15676.36,15523.34,15567.67
28-Nov-19,15622.15,15668.51,15578.55,15660.07
27-Nov-19,15541.77,15589.11,15517.11,15576.18
26-Nov-19,15597.37,15635.33,15458.13,15492.35
25-Nov-19,15390.07,15566.2,15375.78,15554.52
22-Nov-19,15437.31,15437.31,15312.19,15355.38
21-Nov-19,15507.97,15511.26,15398.99,15410.83
20-Nov-19,15476.89,15511.53,15434.54,15461.96
19-Nov-19,15389.97,15416.2,15336.09,15395.1
18-Nov-19,15370.02,15400.15,15319.79,15341.05
15-Nov-19,15357.15,15425.12,15324.2,15336.64
14-Nov-19,15304.4,15342.79,15228.68,15313.36
13-Nov-19,15404.23,15442.18,15263.31,15284.82
11-Nov-19,15378.08,15411.99,15331.43,15391.45
08-Nov-19,15510.99,15538.18,15353.44,15372.39
07-Nov-19,15503.4,15520.95,15437.05,15507.01
06-Nov-19,15410.07,15486.51,15321.29,15437.74
05-Nov-19,15494.78,15500.18,15340.41,15393.76
04-Nov-19,15463.83,15531.88,15423.46,15452.27
01-Nov-19,15406.92,15453.24,15369.48,15409.93
31-Oct-19,15373.22,15456.77,15356.32,15387.13
30-Oct-19,15313.2,15357.78,15248.35,15317.96
29-Oct-19,15066.65,15268.53,15043.55,15239.54
27-Oct-19,15084.42,15087.92,15022.28,15047.74
25-Oct-19,15030.76,15040.69,14864.76,14967.51
24-Oct-19,15066.1,15099.42,14922.58,14978.5
23-Oct-19,15036.32,15076.1,14952.87,15016.61
22-Oct-19,15051.55,15122.7,14979.97,14996.4
18-Oct-19,14929.91,15074.78,14885.61,15051.55
17-Oct-19,14750.6,14925.36,14720,14910.83
16-Oct-19,14727.38,14761.2,14676.95,14731.77
15-Oct-19,14609.73,14723.19,14591.48,14681.49
14-Oct-19,14573.19,14676.38,14532.43,14580.11
11-Oct-19,14491.72,14605.58,14400.28,14535.99
10-Oct-19,14547.83,14547.83,14429.11,14450.8
09-Oct-19,14367.77,14563.47,14291.12,14555.96
07-Oct-19,14465.47,14465.47,14325.37,14338.91
04-Oct-19,14673.52,14678.45,14400.52,14415.63
03-Oct-19,14605.71,14657.45,14521.52,14586.04
01-Oct-19,14869.76,14906.16,14495.46,14645.34
30-Sep-19,14917.81,14917.84,14711.04,14810.02
27-Sep-19,14990.18,15013.53,14888.31,14899.79
26-Sep-19,14854.84,15018.55,14848.64,14981.24
25-Sep-19,15021.47,15021.47,14790.8,14819.33
24-Sep-19,15071,15112.36,14964.39,15024.64
23-Sep-19,14905.28,15151.94,14897.55,15044.91
20-Sep-19,13938.89,14739.13,13876.25,14643.08
19-Sep-19,14095.24,14095.24,13860.19,13900.71
18-Sep-19,14090.88,14126.9,14022.19,14078.06
17-Sep-19,14297.67,14297.67,14017.2,14038.13
16-Sep-19,14293.92,14343.01,14241.45,14283.54
13-Sep-19,14270.83,14359.56,14187.72,14351.45
12-Sep-19,14313.42,14366.24,14224.87,14240.32
11-Sep-19,14251.55,14308.05,14238.02,14288.49
09-Sep-19,14140.75,14244.25,14081.64,14220.34
06-Sep-19,14059.89,14148.02,14043.61,14137.04
05-Sep-19,14041.26,14099.8,13993.61,14022.67
04-Sep-19,13964.57,14016.83,13875.51,14002.77
03-Sep-19,14185.46,14185.46,13923.98,13955.84
30-Aug-19,14174.05,14256.44,14050.46,14234.07
29-Aug-19,14203.07,14203.07,14072.32,14122.1
28-Aug-19,14311.87,14337.08,14158.01,14219.71
27-Aug-19,14267.2,14338.53,14223.1,14302.54
26-Aug-19,14170.53,14221.89,13851.23,14209.07
23-Aug-19,13799.06,13968.25,13678.41,13932.86
22-Aug-19,14057.93,14057.93,13802.74,13821.18
21-Aug-19,14190.07,14207.11,14043.3,14052.31
20-Aug-19,14268.19,14278.31,14152.08,14193.91
19-Aug-19,14286.26,14354.61,14235.25,14252.7
16-Aug-19,14226.26,14253.24,14078.85,14235.18
14-Aug-19,14172.33,14255.03,14100.22,14211.79
13-Aug-19,14382.98,14382.98,14060.26,14083.35
09-Aug-19,14295.13,14424.42,14275.79,14334.42
08-Aug-19,14069.37,14256.96,14016.2,14230.48
07-Aug-19,14144.5,14183.7,14004.11,14028.89
06-Aug-19,13946.64,14195.7,13936.63,14128.2
05-Aug-19,14088.39,14088.39,13891.2,13993.11
02-Aug-19,14119.98,14264.61,13974.43,14165.4
01-Aug-19,14296.83,14296.83,14033.98,14152.74
31-Jul-19,14224.59,14345.92,14144.39,14324.12
30-Jul-19,14441.59,14513.49,14246.66,14260.4
29-Jul-19,14592.16,14592.16,14379.79,14424.07
26-Jul-19,14507.74,14574.22,14451.39,14553.92
25-Jul-19,14531,14619.58,14484.78,14503.37
24-Jul-19,14627.14,14652.69,14463.46,14502.25
23-Jul-19,14673.61,14690.65,14585.93,14617.72
22-Jul-19,14737.58,14737.58,14567.35,14641.86
19-Jul-19,15025.92,15031.2,14711.37,14736.48
18-Jul-19,15108.43,15108.43,14961.62,14970.66
17-Jul-19,15105.34,15142.75,15074.82,15111.61
16-Jul-19,15013.54,15097.32,14966.83,15091.12
15-Jul-19,15051.91,15054.74,14927.88,14991.05
12-Jul-19,15023.03,15070.84,14957.5,14971.95
11-Jul-19,14943.56,15000.95,14909.5,14985.77
10-Jul-19,14967.49,15013.46,14862.95,14881.72
09-Jul-19,14969.27,14999.48,14848.06,14970.24
08-Jul-19,15278.08,15278.08,14919.49,14960.48
05-Jul-19,15510.74,15527.12,15271.64,15291.98
04-Jul-19,15481.35,15505.91,15461.98,15479.27
03-Jul-19,15463.77,15477.5,15413.25,15450.21
02-Jul-19,15420.45,15436.11,15322.48,15429.64
01-Jul-19,15342.83,15401.89,15342.52,15380.24
28-Jun-19,15370.11,15379.49,15273.1,15291.7
27-Jun-19,15345.77,15413.82,15325.45,15350.45
26-Jun-19,15235.72,15357.44,15214.12,15332.21
25-Jun-19,15149.17,15268.3,15082.33,15253.6
24-Jun-19,15173.42,15207.42,15113.91,15144.88
21-Jun-19,15279.3,15279.6,15144.84,15172.48
20-Jun-19,15071.3,15289.63,15010.74,15277.09
19-Jun-19,15174.5,15254.2,15008.73,15089.68
18-Jun-19,15135.95,15177.38,15066.39,15128.25
17-Jun-19,15322.59,15329.98,15091,15106.5
14-Jun-19,15446.4,15446.42,15279.35,15304.57
13-Jun-19,15417.52,15444.41,15308.93,15426.8
12-Jun-19,15533.02,15534.14,15405.18,15436.56
11-Jun-19,15493.38,15558.14,15430.19,15524.17
10-Jun-19,15473.3,15536.12,15404.54,15458.4
07-Jun-19,15412.17,15453.24,15286.86,15413.04
06-Jun-19,15652.5,15654.93,15380.09,15395.54
04-Jun-19,15696.49,15742.11,15620.99,15636
03-Jun-19,15551.89,15716.63,15515.66,15705.3
31-May-19,15594.8,15657.45,15410.87,15517.9
30-May-19,15479.26,15560.68,15456.63,15543.65
29-May-19,15554.52,15554.58,15421.49,15447.89
28-May-19,15563.95,15573.67,15477.05,15551.66
27-May-19,15421.4,15556.2,15364.06,15523.6
24-May-19,15215.35,15401.43,15144.88,15392.19
23-May-19,15370.82,15568.1,15071.53,15123.2
22-May-19,15197.63,15242.57,15127.94,15193.67
21-May-19,15349.62,15375.35,15123.23,15156.71
20-May-19,15045.46,15319.41,15016.01,15304.65
17-May-19,14623.91,14784.23,14595.95,14767.17
16-May-19,14515.53,14632.9,14465.56,14596.24
15-May-19,14637.03,14668.16,14477.72,14497.75
14-May-19,14503.64,14656.46,14424.1,14578.47
13-May-19,14706.56,14706.56,14466.05,14495.61
10-May-19,14741.62,14776.96,14670.16,14699.29
09-May-19,14774.13,14781.84,14655.61,14716.32
08-May-19,14947.13,14947.97,14767.16,14780.67
07-May-19,15151.48,15158.44,14947.48,14958.09
06-May-19,15155.78,15155.78,15063.26,15087.28
03-May-19,15266.61,15297.87,15215.98,15231.5
02-May-19,15302.21,15347.42,15235.45,15252.01
30-Apr-19,15342.5,15344.85,15194.01,15293.75
26-Apr-19,15302.57,15349.95,15258.08,15338.58
25-Apr-19,15364.23,15432.37,15237.88,15258.15
24-Apr-19,15222.79,15359.15,15186.17,15348.12
23-Apr-19,15245.29,15273.47,15170.57,15188
22-Apr-19,15421.23,15421.35,15189.6,15207.33
18-Apr-19,15551.68,15570.55,15405.07,15421.87
16-Apr-19,15434.44,15525.69,15434.44,15501.39
15-Apr-19,15344.7,15411.01,15343.31,15388.87
12-Apr-19,15288.49,15338.79,15254.45,15324.53
11-Apr-19,15261.33,15277.13,15210.97,15261.38
10-Apr-19,15328.05,15356.95,15235.54,15245.47
09-Apr-19,15280.48,15350.04,15210.08,15337.23
08-Apr-19,15385.38,15402.47,15210.41,15268.15
05-Apr-19,15310.61,15374.91,15286.45,15347.23
04-Apr-19,15338.07,15339.08,15205.99,15260.89
03-Apr-19,15440.72,15478.35,15295.12,15312.73
02-Apr-19,15417.27,15424.54,15341.34,15399.72
01-Apr-19,15369.6,15463.27,15351.54,15373.98
29-Mar-19,15266.2,15316.93,15242.04,15304.57
28-Mar-19,15091.98,15234.53,15073.26,15215.86
27-Mar-19,15114.24,15161.65,15015.6,15057.53
26-Mar-19,14944.31,15085.76,14931.96,15066.84
25-Mar-19,15007.65,15007.65,14869.99,14916.85
22-Mar-19,15162.42,15202.33,15029.94,15051.35
20-Mar-19,15185.29,15193.06,15120.21,15136.6
19-Mar-19,15115.09,15168.54,15073.69,15160.68
18-Mar-19,15085.01,15163.15,15022.83,15069.49
15-Mar-19,14979.4,15114.96,14978.17,15045.28
14-Mar-19,15002.48,15029.99,14937.29,14970.59
13-Mar-19,14978.17,15006.28,14922.02,14973.72
12-Mar-19,14870.35,14984.23,14869.3,14949.37
11-Mar-19,14621.78,14813.53,14621.01,14797.78
08-Mar-19,14621.32,14621.32,14553.63,14591.91
07-Mar-19,14656.29,14662.35,14590.9,14612.15
06-Mar-19,14581.15,14645.85,14575.61,14618.31
05-Mar-19,14345.97,14537.61,14286.19,14532.99
01-Mar-19,14247.43,14333.03,14246.8,14319.03
28-Feb-19,14221.89,14244.16,14171.63,14196.8
27-Feb-19,14240.6,14356.31,14105.37,14173.3
26-Feb-19,14171.65,14253.28,14028.05,14186.18
25-Feb-19,14177.67,14254.75,14151.99,14245.6
22-Feb-19,14114.9,14151.48,14083.7,14136.76
21-Feb-19,14048.12,14126.93,14015.57,14105.87
20-Feb-19,13920.41,14033.41,13916.11,14019.13
19-Feb-19,13888.27,13994.1,13839.5,13858.93
18-Feb-19,14010.18,14027.18,13864.96,13874.99
15-Feb-19,14092.59,14100.54,13886.97,13994.2
14-Feb-19,14091.04,14100,14019.96,14064.8
13-Feb-19,14189.56,14220.11,14066.46,14087.93
12-Feb-19,14219.65,14248.32,14137.92,14148.34
11-Feb-19,14330.25,14330.83,14190.17,14214.75
08-Feb-19,14477.46,14479.71,14302.3,14323.79
07-Feb-19,14471.14,14553.39,14452.5,14500.24
06-Feb-19,14358.88,14468.11,14337.26,14450.95
05-Feb-19,14340.3,14375.15,14303.31,14322.26
04-Feb-19,14367.91,14367.91,14234.63,14338.05
01-Feb-19,14319.8,14476.38,14257.99,14361.85
31-Jan-19,14151.16,14287.71,14117.76,14285.11
30-Jan-19,14144.94,14153.7,14038.66,14083.19
29-Jan-19,14088.15,14122.56,14001.25,14075.71
28-Jan-19,14284.66,14289.58,14039.03,14075.91
25-Jan-19,14410.47,14479.96,14232.12,14260.83
24-Jan-19,14393.3,14409.93,14339,14383.46
23-Jan-19,14490.41,14507.45,14359.23,14379.84
22-Jan-19,14524.36,14524.4,14392.74,14470.55
21-Jan-19,14515.72,14580.67,14471.9,14506.57
18-Jan-19,14542.73,14556.61,14450.17,14488.81
17-Jan-19,14550.62,14574.39,14459.8,14524.79
16-Jan-19,14534.2,14577.79,14508.36,14520.13
15-Jan-19,14382.82,14523.07,14382.82,14514.43
14-Jan-19,14452.98,14455.4,14297.2,14350.37
11-Jan-19,14487.11,14498.23,14365.77,14422.98
10-Jan-19,14487.49,14500.89,14441.8,14459.85
09-Jan-19,14485.63,14506.5,14356.02,14470.17
08-Jan-19,14419.19,14443.75,14352.95,14425.57
07-Jan-19,14452.5,14483.96,14371.52,14389.35
04-Jan-19,14322.6,14371.9,14239.57,14355.02
03-Jan-19,14447.93,14481.75,14279.15,14290.85
02-Jan-19,14567.63,14582.13,14382.22,14432.4
01-Jan-19,14572.46,14595.97,14476.44,14587.25
31-Dec-18,14569.19,14602.48,14529.23,14540.39
28-Dec-18,14429.66,14550.09,14429.65,14516.04
27-Dec-18,14436.69,14457.38,14382.93,14390.12
26-Dec-18,14274.22,14354.48,14084.15,14334.4
24-Dec-18,14435.86,14447.86,14263.68,14279.65
21-Dec-18,14657.12,14681.14,14383.66,14401.2
20-Dec-18,14613.84,14656.4,14568.66,14642.72
19-Dec-18,14593.27,14679.41,14591.39,14661.08
18-Dec-18,14507.34,14562.29,14443.2,14553.1
17-Dec-18,14465,14530.11,14464.99,14515.94
14-Dec-18,14403.9,14443.86,14350.5,14412.03
13-Dec-18,14393.51,14452.5,14335.39,14390.84
12-Dec-18,14080.02,14321.38,14056.3,14306.94
11-Dec-18,13784.28,14056.2,13735.91,14033.22
10-Dec-18,14011.98,14019.15,13890.99,13904.18
07-Dec-18,14141.26,14181.64,14078.21,14170.58
06-Dec-18,14258.16,14259.46,14070.21,14080.71
05-Dec-18,14419.12,14421.79,14275.67,14315.92
04-Dec-18,14486.78,14488.03,14427.4,14454.31
03-Dec-18,14501.95,14518.88,14425.38,14469.78
30-Nov-18,14441.08,14481.82,14384.59,14429
29-Nov-18,14336.68,14420.11,14321.67,14396.33
28-Nov-18,14274.42,14317.1,14240.65,14250.62
27-Nov-18,14192.46,14247.64,14150.85,14237.43
26-Nov-18,14138.46,14191.53,14025.38,14178.53
22-Nov-18,14206.03,14231.23,14066.54,14079.47
21-Nov-18,14236.56,14243.53,14111.37,14173.59
20-Nov-18,14336.47,14336.47,14191.25,14208.3
19-Nov-18,14310.33,14360.89,14268.24,14346.06
16-Nov-18,14233.47,14286.4,14193.66,14249.66
15-Nov-18,14146.51,14223.69,14105.31,14193.11
14-Nov-18,14207.59,14240.13,14094.43,14143.55
13-Nov-18,14053.65,14159.53,13978.07,14146.17
12-Nov-18,14228.01,14254.46,14024.21,14042.74
09-Nov-18,14189.02,14217.42,14105.17,14185.4
07-Nov-18,14173.33,14182.85,14148.44,14170.33
06-Nov-18,14122.96,14170.56,14024.7,14062.78
05-Nov-18,14152.91,14153.29,14033.23,14081.57
02-Nov-18,14029.49,14201.63,14020.46,14112.76
01-Nov-18,13954.24,13965.75,13874.76,13915.75
31-Oct-18,13681.29,13889.64,13549.92,13881.71
30-Oct-18,13683.15,13730.82,13608.71,13647.1
29-Oct-18,13432.52,13676.4,13352.64,13655.89
26-Oct-18,13472.75,13475.35,13287.3,13352.53
25-Oct-18,13488.59,13488.59,13380.78,13443.57
24-Oct-18,13590.37,13643.49,13450.8,13578.4
23-Oct-18,13536.11,13581,13408.94,13470.5
22-Oct-18,13823.65,13839.84,13584.81,13602.86
19-Oct-18,13824.24,13831.52,13641.78,13704.74
17-Oct-18,14243.51,14273.55,13872.58,13887.26
16-Oct-18,14037.14,14129.1,14008.07,14111.63
15-Oct-18,14010.27,14017.91,13859.58,13978.45
12-Oct-18,13704.95,13937.41,13703.34,13906.1
11-Oct-18,13611,13737.05,13453.81,13596.82
10-Oct-18,13661.85,13904.65,13625.92,13882.35
09-Oct-18,13709.39,13724.92,13519.93,13585.36
08-Oct-18,13696.84,13759.38,13463.28,13652.67
05-Oct-18,14005.34,14005.34,13620.15,13689.97
04-Oct-18,14291.87,14291.87,13987.93,14047.35
03-Oct-18,14562.28,14562.28,14339.33,14365.43
01-Oct-18,14457.23,14564.81,14259.64,14533.55
28-Sep-18,14641.96,14666.32,14337.77,14445.89
27-Sep-18,14789.78,14795.44,14572.23,14590.83
26-Sep-18,14855.7,14863.22,14681.22,14745.99
25-Sep-18,14666.91,14775.95,14509.7,14751.49
24-Sep-18,14987.4,14995.04,14632.23,14654.49
21-Sep-18,15204.57,15274.97,14473.96,14945.39
19-Sep-18,15276.4,15303.42,15099.42,15139.04
18-Sep-18,15399.64,15430.91,15202.06,15218
17-Sep-18,15509.12,15509.12,15363.7,15376.69
14-Sep-18,15404.43,15536.47,15404.23,15528.44
12-Sep-18,15272.84,15336.2,15154.83,15325.85
11-Sep-18,15494.69,15504.19,15216.13,15234.39
10-Sep-18,15658.34,15661.05,15437.94,15451.73
07-Sep-18,15595.85,15674.69,15512.36,15659.97
06-Sep-18,15547.81,15590.96,15439.32,15563.12
05-Sep-18,15557.96,15571.04,15352.69,15485.85
04-Sep-18,15783.53,15799.42,15518.86,15548.65
03-Sep-18,15933.48,15937.92,15720.59,15737.53
31-Aug-18,15835.28,15906.13,15796.4,15846.2
30-Aug-18,15843.43,15850.54,15782.94,15819.65
29-Aug-18,15873.47,15888.88,15804.27,15816.48
28-Aug-18,15839.14,15883.39,15807.98,15838.84
27-Aug-18,15701.98,15809.23,15690.51,15796.41
24-Aug-18,15675.94,15693.5,15584.5,15629.21
23-Aug-18,15683.24,15703.69,15615.56,15663.77
21-Aug-18,15638.23,15656.9,15597.37,15639.68
20-Aug-18,15542.67,15622.04,15542.63,15605.9
17-Aug-18,15437.81,15508.43,15432.26,15495.21
16-Aug-18,15414.64,15460.47,15337.56,15360.75
14-Aug-18,15361.65,15435.1,15346.38,15425.18
13-Aug-18,15375.64,15400.23,15303.53,15323.04
10-Aug-18,15516.23,15518.77,15406.56,15423.22
09-Aug-18,15501.48,15523.42,15473.3,15500.19
08-Aug-18,15424.71,15473.18,15387.21,15450.35
07-Aug-18,15458.92,15464.41,15355.84,15391.07
06-Aug-18,15420.31,15462.2,15391.34,15404.19
03-Aug-18,15281.38,15369.7,15280.78,15361.14
02-Aug-18,15320.91,15320.91,15205.8,15219.82
01-Aug-18,15340.55,15370.63,15271.48,15312.72
31-Jul-18,15279.74,15327.53,15207.56,15314.81
30-Jul-18,15256.46,15275.23,15190.69,15264.35
27-Jul-18,15141.87,15212.51,15124.65,15200.81
26-Jul-18,15021.85,15082.07,15011.36,15059.9
25-Jul-18,15031.79,15041.62,14968.99,14996.19
24-Jul-18,14906.39,15002.64,14892.52,14994.47
23-Jul-18,14760.76,14865.69,14754.25,14855.22
20-Jul-18,14665.13,14750.76,14632.27,14735.33
19-Jul-18,14744.68,14746.37,14622.1,14657.63
18-Jul-18,14856.56,14873.84,14679.09,14705.78
17-Jul-18,14673.31,14794.75,14627.17,14786.73
16-Jul-18,14858.55,14858.55,14637.54,14649.37
13-Jul-18,14916.22,14930.02,14809.31,14826.58
12-Jul-18,14879.4,14979.64,14871.12,14882.13
11-Jul-18,14862.49,14881.78,14806.23,14820.45
10-Jul-18,14772.86,14856.79,14766.58,14847.65
09-Jul-18,14650.08,14729.94,14650.08,14719.51
06-Jul-18,14538.23,14651.85,14526.68,14587.74
05-Jul-18,14606.98,14616.55,14527.69,14546.61
04-Jul-18,14516.16,14594.64,14476.94,14584.97
03-Jul-18,14468.19,14534.51,14407.25,14515.44
02-Jul-18,14578.53,14586.41,14379.24,14450.23
29-Jun-18,14374.88,14538.43,14372.07,14528.54
28-Jun-18,14468.55,14480.31,14314.91,14337.41
27-Jun-18,14655.71,14673.33,14456.35,14478.96
26-Jun-18,14608.1,14690.18,14603.26,14640.97
25-Jun-18,14766.38,14771.17,14631.42,14646.2
22-Jun-18,14653.91,14760.25,14602.28,14743.27
21-Jun-18,14744.72,14758.4,14643.97,14654.16
20-Jun-18,14664.74,14727.13,14657.69,14715.02
19-Jun-18,14773.33,14773.38,14635.23,14649.06
18-Jun-18,14840.21,14846.03,14768.98,14777.6
15-Jun-18,14851.99,14866.11,14753.8,14813.4
14-Jun-18,14878.83,14881.85,14786.09,14835.89
13-Jun-18,14922.67,14936.98,14872.55,14878.06
12-Jun-18,14811.74,14887.89,14806.28,14873.6
11-Jun-18,14784.35,14879.21,14780.3,14793.53
08-Jun-18,14725.76,14781.46,14677.46,14768.92
07-Jun-18,14632.65,14791.6,14632.65,14742.84
06-Jun-18,14447.35,14608.79,14425.34,14595.65
05-Jun-18,14550.65,14561.21,14387.37,14444.21
04-Jun-18,14756.88,14770.51,14540.57,14549.8
01-Jun-18,14784.94,14808.21,14660.96,14673.56
31-May-18,14725.68,14789.75,14669.02,14765.69
30-May-18,14662.7,14716.16,14604.48,14672.26
29-May-18,14779.08,14805.04,14670.51,14694.6
28-May-18,14688.34,14783.52,14673.68,14765.02
25-May-18,14493.69,14648.31,14477.39,14620.27
24-May-18,14408.06,14484.75,14351.64,14457.14
23-May-18,14500.12,14518.28,14367.75,14381.92
22-May-18,14442.64,14520.93,14406.33,14506.87
21-May-18,14611.11,14638.21,14435.68,14449.12
18-May-18,14765.72,14771.53,14594.15,14603.81
17-May-18,14835.61,14842.79,14742.19,14763.2
16-May-18,14822.33,14853.09,14716.34,14801.41
15-May-18,14873.09,15050.01,14819.48,14851.99
14-May-18,14935.15,14960.98,14862.13,14882.28
11-May-18,14854.44,14944.15,14835.09,14928.11
10-May-18,14936.97,14977.79,14819.26,14832.96
09-May-18,14915.7,14963.65,14898.13,14924.84
08-May-18,14963.79,14972.67,14894.91,14924.78
07-May-18,14838.6,14932,14825.66,14919.88
04-May-18,14891.42,14904.31,14786.93,14803.81
03-May-18,14981.04,14981.04,14830.93,14876.11
02-May-18,15102.44,15109.38,14922.26,14964.72
30-Apr-18,14991.44,15064.12,14986.32,15047.73
27-Apr-18,14886.19,14998.31,14885.74,14961.35
26-Apr-18,14825.67,14876.44,14799.76,14867.05
25-Apr-18,14869.29,14885.29,14771.23,14808.99
24-Apr-18,14854.9,14901.47,14832.58,14876.23
23-Apr-18,14849.51,14920.04,14799.66,14850.83
20-Apr-18,14823.67,14835.3,14768.03,14817.83
19-Apr-18,14790.67,14835,14788.95,14828.75
18-Apr-18,14813.63,14851.01,14734.54,14760.19
17-Apr-18,14780.51,14803.72,14723.12,14786.9
16-Apr-18,14610.17,14762.7,14589.86,14751.16
13-Apr-18,14674.93,14743.29,14643.92,14684.22
12-Apr-18,14631.38,14679.81,14597.26,14647
11-Apr-18,14637.26,14641.18,14543.78,14616.14
10-Apr-18,14626.31,14652.12,14577.51,14603.47
09-Apr-18,14546.33,14614.1,14527.69,14581.07
06-Apr-18,14488.02,14547.59,14448.16,14526.25
05-Apr-18,14327.29,14495.42,14323.86,14483.13
04-Apr-18,14413.34,14451.98,14206.8,14219.56
03-Apr-18,14282.16,14390.96,14263.5,14377.82
02-Apr-18,14161.85,14307.05,14159.26,14295.11
28-Mar-18,14185.07,14188.67,14106.47,14125.53
27-Mar-18,14168,14261.5,14165.51,14216.61
26-Mar-18,13923.84,14132.02,13887.84,14115.71
23-Mar-18,13956.72,13961.52,13856.31,13937.09
22-Mar-18,14204.02,14245.53,14092.88,14105.36
21-Mar-18,14174.18,14288.31,14150.03,14180.71
20-Mar-18,14064.88,14173.98,14029.25,14132.99
19-Mar-18,14310.97,14312.26,14075.8,14101.12
16-Mar-18,14477.86,14479.52,14257.34,14276.76
15-Mar-18,14503.78,14539.87,14454.37,14469.75
14-Mar-18,14462.08,14512.12,14408.95,14498.08
13-Mar-18,14411.63,14559.5,14406.09,14495.87
12-Mar-18,14300.42,14455.22,14300.39,14440.49
09-Mar-18,14294.95,14337.96,14212.38,14234.38
08-Mar-18,14228.49,14288.47,14100.69,14256.22
07-Mar-18,14299.42,14310.25,14141.02,14158.53
06-Mar-18,14562.78,14593.41,14277.32,14314.45
05-Mar-18,14599.7,14599.88,14424.06,14467.33
01-Mar-18,14666.15,14727.78,14598.56,14611.24
28-Feb-18,14646.16,14710.64,14596.8,14670.49
27-Feb-18,14814.52,14845.6,14713.37,14723.23
26-Feb-18,14686.73,14784.52,14686.65,14774.15
23-Feb-18,14478.51,14648.63,14477.43,14639.9
22-Feb-18,14491.46,14503.8,14441.3,14468.09
21-Feb-18,14524.98,14559.71,14454.41,14509.55
20-Feb-18,14525.43,14574.91,14466.63,14482.76
19-Feb-18,14635.4,14654.62,14392.5,14495.16
16-Feb-18,14801.85,14855.77,14584.21,14614.53
15-Feb-18,14786.58,14877.64,14710.21,14756.19
14-Feb-18,14862.77,14883.14,14716.14,14761.66
12-Feb-18,14730.18,14819.1,14720.82,14796.56
09-Feb-18,14574.98,14680.96,14502.25,14649.94
08-Feb-18,14608.03,14821.01,14586.15,14752.56
07-Feb-18,14694.98,14732.72,14532.07,14562
06-Feb-18,14380.55,14657.28,14209.33,14541.76
05-Feb-18,14733.28,14825.28,14594.06,14792.53
02-Feb-18,15249.35,15251.1,14866.07,14886.09
01-Feb-18,15380.64,15450.21,15123.18,15329.54
31-Jan-18,15396.32,15427.94,15274.86,15347.19
30-Jan-18,15525.37,15528.56,15400.19,15417.84
29-Jan-18,15543.22,15618.63,15519.03,15532.52
25-Jan-18,15613.28,15623.06,15458.36,15514.22
24-Jan-18,15626.16,15660.94,15553.53,15591.54
23-Jan-18,15519.05,15639.36,15517.97,15619.31
22-Jan-18,15414.35,15493.31,15369.08,15483.36
19-Jan-18,15285.61,15393.43,15235.36,15378.91
18-Jan-18,15423.22,15464.68,15198.56,15258.97
17-Jan-18,15210.66,15342.11,15095.17,15327.56
16-Jan-18,15362.52,15380.47,15192.3,15210.24
15-Jan-18,15327.61,15414.34,15327.02,15341.72
12-Jan-18,15301.06,15333.37,15165.22,15283.93
11-Jan-18,15252.97,15297.65,15220.74,15267.12
10-Jan-18,15288.19,15297.99,15184.87,15234.96
09-Jan-18,15272.51,15295.07,15205.77,15250.72
08-Jan-18,15179.36,15256.71,15179.36,15244.23
05-Jan-18,15067.09,15147.04,15067.08,15137.99
04-Jan-18,14980.54,15042.57,14942.25,15032.66
03-Jan-18,14938.32,15005.8,14914.16,14931.96
02-Jan-18,14972.91,15004.45,14837.22,14895.4
01-Jan-18,15020.45,15056.39,14913.84,14935.58
29-Dec-17,14948.62,15013.42,14948.62,15002.73
28-Dec-17,14940.18,14985.35,14889.18,14916.06
27-Dec-17,14993.44,15015.22,14887.48,14922.24
26-Dec-17,14936.25,14974.78,14918.48,14964.43
22-Dec-17,14863.73,14929.23,14863.68,14908.09
21-Dec-17,14830.22,14865.45,14814.8,14844.87
20-Dec-17,14834.59,14862.66,14794.44,14808.62
19-Dec-17,14713.19,14811.35,14705.21,14802.54
18-Dec-17,14563.4,14738.74,14254.77,14660.92
15-Dec-17,14543.29,14625.33,14543.29,14586.05
14-Dec-17,14425.2,14477.56,14313.28,14453.18
13-Dec-17,14495.82,14551.38,14369.09,14399.19
12-Dec-17,14591.18,14600.72,14479.26,14487.93
11-Dec-17,14575.77,14625.12,14563.35,14600.85
08-Dec-17,14441.08,14551.01,14441.03,14535.58
07-Dec-17,14228.47,14416.62,14225.66,14399.72
06-Dec-17,14323.4,14324.32,14207.77,14216.94
05-Dec-17,14322.7,14352.89,14239.24,14326.77
04-Dec-17,14394.53,14414.2,14288.86,14336.17
01-Dec-17,14536.18,14578,14317.34,14338.18
30-Nov-17,14605.74,14611.96,14478.12,14493.58
29-Nov-17,14665.38,14685.83,14606.03,14627.31
28-Nov-17,14667.05,14699.78,14615.35,14641.92
27-Nov-17,14619.48,14669.55,14580.26,14662.65
24-Nov-17,14601.07,14645.41,14596.6,14628.58
23-Nov-17,14559.93,14605.28,14506.77,14572.15
22-Nov-17,14566.1,14591.09,14501.05,14550.08
21-Nov-17,14528.83,14585.39,14507.01,14533.72
20-Nov-17,14471.85,14506.71,14438.38,14493.95
17-Nov-17,14455.91,14537.39,14430.5,14454.33
16-Nov-17,14227.12,14366.24,14226.9,14344.02
15-Nov-17,14333.6,14333.64,14164.9,14203.06
14-Nov-17,14375.71,14419.58,14314.01,14328.35
13-Nov-17,14524.37,14532.33,14369.16,14379.22
10-Nov-17,14477.7,14531.07,14411.31,14484.86
09-Nov-17,14496.93,14542.21,14388.74,14480.92
08-Nov-17,14542.82,14568.67,14403.11,14435.36
07-Nov-17,14712.57,14741.48,14491.1,14518.09
06-Nov-17,14676.99,14731.05,14634.65,14681.83
03-Nov-17,14658.98,14676.36,14600.31,14657.91
02-Nov-17,14637.6,14664.07,14590.93,14620.89
01-Nov-17,14544.8,14639.05,14543.99,14608.93
31-Oct-17,14501.09,14522.24,14455.35,14485.57
30-Oct-17,14450.63,14517.71,14446.43,14494.19
27-Oct-17,14445.01,14460.36,14389.16,14405.17
26-Oct-17,14360.7,14430.89,14317.62,14415.98
25-Oct-17,14367.14,14406.59,14281.75,14351.96
24-Oct-17,14236.67,14276.14,14207.12,14236.09
23-Oct-17,14164.61,14239.85,14127.01,14198.43
19-Oct-17,14266.86,14272.62,14116.65,14154.57
18-Oct-17,14235.9,14258.46,14177.81,14221.15
17-Oct-17,14232.52,14266.09,14208.29,14247.04
16-Oct-17,14177.56,14247.65,14152.53,14220.91
13-Oct-17,14101.12,14174.79,14100.79,14146.89
12-Oct-17,13949.08,14083.64,13913.18,14073.21
11-Oct-17,14021.96,14072.94,13874.41,13920.86
10-Oct-17,13957.11,14009.18,13957.05,13988.24
09-Oct-17,13934.92,13978.29,13900.52,13930.58
06-Oct-17,13812.34,13920.2,13812.34,13910.16
05-Oct-17,13812.06,13855.88,13776.39,13786.36
04-Oct-17,13741.59,13817.93,13715.74,13786.47
03-Oct-17,13704.23,13744.39,13684.23,13715.18
29-Sep-17,13593.09,13702.4,13592.38,13610.7
28-Sep-17,13512.06,13569.06,13427.95,13549.52
27-Sep-17,13762.63,13767.59,13463.04,13488.39
26-Sep-17,13693.46,13742.27,13613.01,13702.1
25-Sep-17,13856.21,13864.28,13578.52,13676.28
22-Sep-17,14090.86,14090.86,13817.5,13834.58
21-Sep-17,14163.38,14188.52,14012.46,14110.4
20-Sep-17,14205.73,14216.92,14149.84,14157.97
19-Sep-17,14204.29,14205.78,14148.29,14178.1
18-Sep-17,14122.66,14195.41,14122.53,14167.49
15-Sep-17,14051.13,14107.43,14005.31,14077.6
14-Sep-17,14117.01,14128.18,14047.53,14074.78
13-Sep-17,14094.87,14139.1,14017.66,14038.26
12-Sep-17,14015.07,14082.55,13991.42,14075.48
11-Sep-17,13901.76,13982.66,13900.13,13953.11
08-Sep-17,13888.77,13918.55,13823.03,13848.84
07-Sep-17,13862.65,13908.15,13849.27,13863.4
06-Sep-17,13808.97,13843.51,13754.26,13818.22
05-Sep-17,13790.32,13854.71,13771.66,13841.91
04-Sep-17,13874.96,13875.02,13678.31,13765.68
01-Sep-17,13781.37,13871.39,13777.48,13857.59
31-Aug-17,13735.26,13769.81,13695.85,13762.13
30-Aug-17,13622,13740.06,13621.76,13716.31
29-Aug-17,13715.33,13718.28,13558.75,13569.69
28-Aug-17,13666.23,13733.06,13662.32,13721.44
24-Aug-17,13621.36,13642.59,13592.4,13617.08
23-Aug-17,13501.86,13592.35,13492.23,13586.07
22-Aug-17,13512.46,13568.12,13431.81,13451.61
21-Aug-17,13637.74,13661.77,13446.59,13462.74
18-Aug-17,13646.78,13646.78,13517.45,13595.73
17-Aug-17,13712.39,13741.67,13649.41,13671.49
16-Aug-17,13564.48,13669.27,13496.37,13660.04
14-Aug-17,13385.82,13540.77,13385.67,13512.71
11-Aug-17,13354.24,13426.72,13245.92,13336.33
10-Aug-17,13644.68,13645.48,13356.06,13438.71
09-Aug-17,13770.83,13782.33,13631.36,13661.74
08-Aug-17,13955.9,13968.92,13757.67,13799.7
07-Aug-17,13911,13953.73,13897.25,13929.65
04-Aug-17,13794.44,13893.8,13773.7,13879.81
03-Aug-17,13911.2,13911.2,13787.6,13808.49
02-Aug-17,13955.62,13963.72,13866.55,13894.31
01-Aug-17,13934.41,13944.06,13895.34,13928.15
31-Jul-17,13862.07,13907.26,13842.98,13897.23
28-Jul-17,13822.39,13842.87,13748.97,13828.51
27-Jul-17,13885.21,13947.56,13802.38,13822.04
26-Jul-17,13801.3,13844.25,13789.33,13835.12
25-Jul-17,13803.73,13813.15,13753.51,13776.11
24-Jul-17,13732.8,13797.69,13723.61,13763.3
21-Jul-17,13706.53,13724.44,13608.32,13704.49
20-Jul-17,13723.88,13730.67,13658.14,13665.62
19-Jul-17,13639.11,13705.56,13626.4,13699.15
18-Jul-17,13621.1,13669.65,13572.82,13581.81
17-Jul-17,13676.71,13706.44,13662.94,13692.47
14-Jul-17,13691.37,13699.94,13596.84,13660.58
13-Jul-17,13619.45,13676.05,13618.08,13664.47
12-Jul-17,13542.73,13583.9,13527.66,13575.7
11-Jul-17,13567.48,13594.6,13503.84,13512.45
10-Jul-17,13466.14,13551.98,13460.02,13535.83
07-Jul-17,13417.22,13437.19,13382.15,13409.25
06-Jul-17,13396.45,13454.44,13390.37,13411.66
05-Jul-17,13330.45,13376.96,13307.82,13367.72
04-Jul-17,13355.08,13372.53,13285.29,13303.99
03-Jul-17,13253.59,13323.38,13211.19,13314.72
30-Jun-17,13125,13194.4,13059.68,13178.45
29-Jun-17,13128.43,13211.2,13115.47,13130.59
28-Jun-17,13112.49,13131.83,13052.88,13091.72
27-Jun-17,13239.9,13257.47,13052.34,13102.99
23-Jun-17,13338.72,13342.45,13176.58,13207.78
22-Jun-17,13373.04,13431.53,13302.34,13316.08
21-Jun-17,13365.94,13365.95,13318.72,13342.37
20-Jun-17,13385.8,13396.88,13347.77,13362.56
19-Jun-17,13330.44,13380.06,13322.4,13354.99
16-Jun-17,13309.2,13339.9,13267.94,13287.83
15-Jun-17,13319.93,13321.35,13252.55,13277.7
14-Jun-17,13303.44,13313.68,13248.97,13303.08
13-Jun-17,13300.12,13354,13272.52,13288.32
12-Jun-17,13348.05,13348.2,13265.08,13287.07
09-Jun-17,13319.81,13366.07,13277.25,13355.15
08-Jun-17,13347.83,13364.61,13305.66,13318.96
07-Jun-17,13297.99,13345.67,13279.22,13323.45
06-Jun-17,13375.36,13378.46,13252.08,13271.8
05-Jun-17,13306.58,13353.87,13290.33,13332.17
02-Jun-17,13257.37,13302.04,13257.21,13290.23
01-Jun-17,13198.12,13240.96,13182.46,13221.57
31-May-17,13190.13,13229.39,13172.29,13199.15
30-May-17,13108.98,13169.9,13060.25,13158.31
29-May-17,13154.62,13200.55,13063.04,13112.1
26-May-17,13022.44,13171.57,13008.58,13164.84
25-May-17,12842.82,13016.07,12833.19,13007.44
24-May-17,12924.09,12949.08,12781.06,12810.75
23-May-17,13023.03,13029.56,12837.1,12893.54
22-May-17,13121.25,13151.78,13007.07,13016.74
19-May-17,13134.02,13206.81,12995.4,13051.03
18-May-17,13205.59,13222.12,13070.02,13085.67
17-May-17,13286.58,13288.81,13237.75,13270.3
16-May-17,13221.75,13276.68,13214.54,13273.3
15-May-17,13154.59,13200.6,13154.09,13195.46
12-May-17,13187.01,13188.97,13076.87,13112.98
11-May-17,13189.34,13215.77,13158.03,13167.6
10-May-17,13058.63,13158.46,13058.29,13151.07
09-May-17,13022.55,13052.12,13000.87,13027.62
08-May-17,12984.03,13029.14,12976.94,13001.19
05-May-17,13076.19,13084.26,12920.2,12945.57
04-May-17,13050.72,13070.43,13019.9,13062.14
03-May-17,13036.05,13052.6,12984.19,12997.91
02-May-17,13016.89,13057.46,12941.37,13006.66
28-Apr-17,13014.73,13017.09,12959.33,12979.24
27-Apr-17,13013.9,13032.13,12979.88,12993.79
26-Apr-17,13019.13,13053.04,12924.67,13005.91
25-Apr-17,12919.14,12987.25,12908.2,12982.49
24-Apr-17,12752.63,12862.69,12752.45,12854.14
21-Apr-17,12794.37,12804.43,12690.34,12729.13
20-Apr-17,12688.47,12752.07,12686.3,12741.44
19-Apr-17,12659.88,12693.06,12616.53,12675.68
18-Apr-17,12739.88,12827.24,12630.63,12643.78
17-Apr-17,12716.82,12735.46,12672.77,12706.02
13-Apr-17,12769.62,12773.65,12703.75,12710.75
12-Apr-17,12829.8,12838.88,12690.98,12766.16
11-Apr-17,12742.17,12814.14,12727.28,12809.11
10-Apr-17,12742.5,12771.72,12707.65,12724.97
07-Apr-17,12763.62,12804.46,12695.35,12712.39
06-Apr-17,12787.56,12794.12,12736.17,12785
05-Apr-17,12757.3,12799.63,12714.6,12789.32
03-Apr-17,12674.13,12730.63,12669.36,12725.42
31-Mar-17,12612.14,12650.57,12601,12631.9
30-Mar-17,12562.79,12613.73,12557.11,12605.3
29-Mar-17,12532.29,12554.84,12513.86,12547.77
28-Mar-17,12463.21,12513.04,12463.21,12502.2
27-Mar-17,12486.42,12491.67,12400.24,12428.98
24-Mar-17,12466.99,12523.14,12466.88,12485.43
23-Mar-17,12393.39,12470.93,12393.26,12454.94
22-Mar-17,12440.89,12440.89,12346.72,12366.69
21-Mar-17,12520.44,12527.14,12438.08,12488.63
20-Mar-17,12548.08,12561.9,12488.69,12507.67
17-Mar-17,12570.58,12591.57,12497.76,12524.81
16-Mar-17,12446.02,12523.35,12446.02,12516.72
15-Mar-17,12384.93,12427.24,12376.92,12404.64
14-Mar-17,12370.88,12415.34,12332.23,12372.51
10-Mar-17,12206.99,12246.1,12151.21,12176.27
09-Mar-17,12182.34,12215.51,12154.27,12178.3
08-Mar-17,12229.07,12239.17,12135.25,12179.26
07-Mar-17,12251.22,12253.47,12204.31,12219.59
06-Mar-17,12174.55,12242.77,12174.55,12232.52
03-Mar-17,12142.81,12167.62,12101.74,12156.62
02-Mar-17,12296.53,12313.7,12122.63,12143.24
01-Mar-17,12207.6,12271.42,12206.29,12247.98
28-Feb-17,12183.68,12214.7,12158.72,12176.95
27-Feb-17,12220.28,12240.36,12168.48,12176.88
23-Feb-17,12214.05,12270.7,12201.78,12212.8
22-Feb-17,12228.08,12256.35,12181.52,12201.17
21-Feb-17,12173.48,12222.07,12155.24,12206.79
20-Feb-17,12084.34,12157.47,12063.07,12152.54
17-Feb-17,12107.76,12127.42,12039.52,12068
16-Feb-17,11918.06,12011.98,11887.69,12006.41
15-Feb-17,12003.85,12029.63,11885.39,11898
14-Feb-17,12067.41,12067.49,11999.68,12017.95
13-Feb-17,12092.32,12098.54,11985.08,12048.6
10-Feb-17,12076.11,12099.43,12034.52,12053.91
09-Feb-17,12055.89,12105.44,11977.98,12049.23
08-Feb-17,12037.55,12059.64,11954.61,12032.03
07-Feb-17,12065.96,12076.24,11974.23,12014.51
06-Feb-17,12006.22,12073.11,12006.02,12051.26
03-Feb-17,11947.69,11978.43,11921.46,11959.4
02-Feb-17,11893.33,11949.3,11856.19,11924.46
01-Feb-17,11673.7,11879.85,11643.62,11873.72
31-Jan-17,11788.18,11788.3,11649.01,11659.94
30-Jan-17,11781.32,11811.72,11750.04,11773.74
27-Jan-17,11737.43,11825.55,11736.83,11783.09
25-Jan-17,11596.85,11724.65,11596.8,11716.17
24-Jan-17,11471.92,11572.27,11468.52,11564.65
23-Jan-17,11382.51,11465.11,11372.96,11449.08
20-Jan-17,11500.59,11514.38,11379.81,11388.54
19-Jan-17,11495.34,11532.27,11483.11,11518.8
18-Jan-17,11463.15,11540.7,11462.53,11490.75
17-Jan-17,11477.07,11504.2,11427.7,11448.45
16-Jan-17,11430.27,11470.02,11400.97,11456.66
13-Jan-17,11470.91,11493.35,11389.97,11423.49
12-Jan-17,11418.89,11454.18,11398.46,11429.21
11-Jan-17,11306.83,11413.69,11306.83,11402.48
10-Jan-17,11235.97,11279.15,11235.91,11274.73
09-Jan-17,11227.17,11231.32,11193.78,11203.16
06-Jan-17,11263.9,11293.46,11185.21,11199.51
05-Jan-17,11161.42,11247.96,11161.42,11236.35
04-Jan-17,11133.86,11163.65,11110.58,11119.08
03-Jan-17,11086.65,11145.85,11055.02,11119.59
02-Jan-17,11071.08,11091.39,11005.66,11072.57
30-Dec-16,10964.29,11056.68,10953.13,11036.44
29-Dec-16,10882.52,10940.41,10818.34,10931.52
28-Dec-16,10824.25,10916.1,10820.02,10829.73
27-Dec-16,10636.57,10815.64,10617.28,10801.71
26-Dec-16,10772.57,10775.15,10628.84,10633.98
23-Dec-16,10774,10834.65,10725.46,10781.37
22-Dec-16,10901.8,10907.26,10767.09,10782.56
